loss,grad_norm,learning_rate,epoch,step,eval_loss,eval_accuracy,eval_precision,eval_recall,eval_f1,eval_runtime,eval_samples_per_second,eval_steps_per_second,train_runtime,train_samples_per_second,train_steps_per_second,total_flos,train_loss
0.5497,11.05441665649414,1.089041095890411e-05,1.0,794,,,,,,,,,,,,,
,,,1.0,794,0.43773123621940613,0.8024237972824091,0.8042894231288501,0.8024237972824091,0.8019391513047313,46.5673,58.474,1.847,,,,,
0.3759,18.928728103637695,1.3698630136986303e-08,2.0,1588,,,,,,,,,,,,,
,,,2.0,1588,0.4164075255393982,0.8244583180315828,0.8245533833003531,0.8244583180315828,0.8244698250800635,46.5683,58.473,1.847,,,,,
,,,2.0,1588,,,,,,,,,1571.4191,16.166,1.011,6671018419798320.0,0.4627715334183623
